"spots.PDBResNo","spots.PDBResName","spots.PDBChain"
17,"GLU","A"
18,"PHE","A"
20,"GLU","A"
21,"LEU","A"
22,"PHE","A"
24,"ALA","A"
25,"PHE","A"
27,"SER","A"
28,"PHE","A"
29,"ALA","A"
32,"ARG","A"
165,"LEU","A"
168,"ALA","A"
169,"PHE","A"
170,"PRO","A"
171,"SER","A"
172,"PHE","A"
173,"ALA","A"
174,"GLY","A"
175,"LEU","A"
176,"ARG","A"
178,"THR","A"
179,"PHE","A"
1,"GLN","B"
2,"VAL","B"
3,"GLN","B"
4,"LEU","B"
24,"ALA","B"
28,"THR","B"
30,"SER","B"
31,"ARG","B"
53,"LYS","B"
54,"SER","B"
55,"GLY","B"
56,"THR","B"
73,"ASP","B"
74,"ASN","B"
75,"ALA","B"
76,"LYS","B"
77,"ASN","B"
102,"THR","B"
107,"GLN","B"
108,"ASP","B"
109,"SER","B"
110,"TYR","B"
111,"TRP","B"
112,"GLY","B"
113,"GLN","B"
