"","PDBChain","PDBResNo","PDBResName","Classification"
"1","A",17,"GLU","NS"
"2","A",20,"GLU","NS"
"3","A",21,"LEU","NS"
"4","A",23,"ALA","NS"
"6","A",24,"ALA","NS"
"8","A",25,"PHE","NS"
"9","A",26,"PRO","NS"
"10","A",27,"SER","NS"
"11","A",28,"PHE","NS"
"12","A",105,"PRO","NS"
"13","A",164,"GLU","NS"
"14","A",165,"LEU","NS"
"15","A",167,"ALA","NS"
"16","A",168,"ALA","NS"
"17","A",169,"PHE","NS"
"18","A",171,"SER","NS"
"19","A",172,"PHE","NS"
"20","A",173,"ALA","NS"
"21","A",176,"ARG","NS"
"22","B",1,"GLN","NS"
"23","B",2,"VAL","NS"
"24","B",3,"GLN","NS"
"25","B",5,"GLN","NS"
"26","B",23,"ALA","NS"
"28","B",24,"ALA","NS"
"30","B",25,"SER","NS"
"31","B",26,"GLY","NS"
"32","B",27,"PHE","NS"
"33","B",28,"THR","NS"
"34","B",29,"PHE","HS"
"35","B",30,"SER","NS"
"36","B",31,"ARG","NS"
"37","B",59,"ASN","NS"
"38","B",74,"ASN","NS"
"39","B",77,"ASN","NS"
"40","B",100,"GLY","NS"
"41","B",101,"PHE","NS"
"42","B",103,"ILE","NS"
"43","B",104,"ALA","NS"
"44","B",105,"PRO","NS"
"45","B",106,"LEU","NS"
"46","B",107,"GLN","NS"
"47","B",108,"ASP","NS"
"48","B",109,"SER","NS"
